<?xml version='1.0' encoding='utf-8' standalone='yes' ?>
<map>
    <int name="AF_CACHE_VERSION" value="2" />
    <string name="prev_event_name">profile_page_seen</string>
    <boolean name="didSendRevenueTriggerOnLastBackground" value="false" />
    <long name="prev_event_timestamp" value="1770591257539" />
    <int name="appsFlyerInAppEventCount" value="804" />
    <long name="prev_session_dur" value="3" />
    <boolean name="ddl_sent" value="true" />
    <long name="af_rc_max_age" value="86400" />
    <int name="versionCode" value="4" />
    <string name="af_remote_config">eyJmZWF0dXJlcyI6e30sInZlciI6ImRlZmF1bHQudjEuMTYzNzE0OTUyOSJ9</string>
    <string name="savedProperties">{&quot;logLevel&quot;:&quot;0&quot;}</string>
    <string name="AF_INSTALLATION">1770470806317-2385962932502196097</string>
    <int name="appsFlyerCount" value="66" />
    <long name="AppsFlyerTimePassedSincePrevLaunch" value="1770591252044" />
    <long name="af_rc_timestamp" value="1770557791054" />
    <string name="appsFlyerFirstInstall">2026-02-07_185649+0530</string>
</map>
